name,brand,category,subCategory,price,countInStock,description,sizes,images
Nike Air Zoom Pegasus 40,Nike,Footwear,Shoe,130.00,100,Premium running shoe.,40 41 42 43 44,"https://static.nike.com/a/images/t_PDP_1280_v1/f_auto,q_auto:eco/61e83bfd-cd08-41ec-b08e-05566f1b34a6/air-zoom-pegasus-40-running-shoes.png"
Nike ZoomX Vaporfly 3,Nike,Footwear,Shoe,250.00,100,Elite racing shoe.,41 42 43,"https://static.nike.com/a/images/t_PDP_1280_v1/f_auto,q_auto:eco/a1c1d8fc-cfc4-4a41-b659-1f20b411d31d/zoomx-vaporfly-next-3-racing-shoes.png"
Nike Invincible 3,Nike,Footwear,Shoe,180.00,100,Max cushion daily trainer.,40 42 44,"https://static.nike.com/a/images/t_PDP_1280_v1/f_auto,q_auto:eco/000c0a90-33b0-466d-9799-693427ec6514/invincible-3-road-running-shoes.png"
Nike Vomero 17,Nike,Footwear,Shoe,160.00,100,High mileage running shoe.,41 42 43 45,"https://static.nike.com/a/images/t_PDP_1280_v1/f_auto,q_auto:eco/dfbf077e-2e0e-4361-9f93-0199e82103f1/air-zoom-vomero-17-road-running-shoes.png"
Nike Structure 25,Nike,Footwear,Shoe,140.00,100,Stability running shoe.,40 41 42 43,"https://static.nike.com/a/images/t_PDP_1280_v1/f_auto,q_auto:eco/6e088d84-c8c3-42e1-95ef-ca43c08006d9/structure-25-road-running-shoes.png"
Nike InfinityRN 4,Nike,Footwear,Shoe,160.00,100,Supportive run shoe.,40 41 42 43,"https://static.nike.com/a/images/t_PDP_1280_v1/f_auto,q_auto:eco/61e83bfd-cd08-41ec-b08e-05566f1b34a6/air-zoom-pegasus-40-running-shoes.png"
Nike Winflo 10,Nike,Footwear,Shoe,100.00,100,Entry level runner.,41 42 43 44,"https://static.nike.com/a/images/t_PDP_1280_v1/f_auto,q_auto:eco/dfbf077e-2e0e-4361-9f93-0199e82103f1/air-zoom-vomero-17-road-running-shoes.png"
Nike Downshifter 13,Nike,Footwear,Shoe,70.00,100,Budget daily trainer.,40 42 44,"https://static.nike.com/a/images/t_PDP_1280_v1/f_auto,q_auto:eco/000c0a90-33b0-466d-9799-693427ec6514/invincible-3-road-running-shoes.png"
Nike Revolution 7,Nike,Footwear,Shoe,65.00,100,Lightweight running shoe.,41 43 45,"https://static.nike.com/a/images/t_PDP_1280_v1/f_auto,q_auto:eco/a1c1d8fc-cfc4-4a41-b659-1f20b411d31d/zoomx-vaporfly-next-3-racing-shoes.png"
Nike ReactX,Nike,Footwear,Shoe,140.00,100,Energy return runner.,40 41 42 43,"https://static.nike.com/a/images/t_PDP_1280_v1/f_auto,q_auto:eco/61e83bfd-cd08-41ec-b08e-05566f1b34a6/air-zoom-pegasus-40-running-shoes.png"
Nike Zegama,Nike,Footwear,Shoe,160.00,100,Trail running shoe.,41 42 43 44,"https://static.nike.com/a/images/t_PDP_1280_v1/f_auto,q_auto:eco/dfbf077e-2e0e-4361-9f93-0199e82103f1/air-zoom-vomero-17-road-running-shoes.png"
Nike Wildhorse 8,Nike,Footwear,Shoe,130.00,100,Rugged trail shoe.,40 41 42,"https://static.nike.com/a/images/t_PDP_1280_v1/f_auto,q_auto:eco/000c0a90-33b0-466d-9799-693427ec6514/invincible-3-road-running-shoes.png"
Nike Terra Kiger 9,Nike,Footwear,Shoe,140.00,100,Fast trail runner.,42 43 44,"https://static.nike.com/a/images/t_PDP_1280_v1/f_auto,q_auto:eco/a1c1d8fc-cfc4-4a41-b659-1f20b411d31d/zoomx-vaporfly-next-3-racing-shoes.png"
Nike Free RN,Nike,Footwear,Shoe,100.00,100,Barefoot feel runner.,41 42 43,"https://static.nike.com/a/images/t_PDP_1280_v1/f_auto,q_auto:eco/61e83bfd-cd08-41ec-b08e-05566f1b34a6/air-zoom-pegasus-40-running-shoes.png"
Nike Kiger,Nike,Footwear,Shoe,140.00,100,Off-road specialist.,40 41 42 43,"https://static.nike.com/a/images/t_PDP_1280_v1/f_auto,q_auto:eco/dfbf077e-2e0e-4361-9f93-0199e82103f1/air-zoom-vomero-17-road-running-shoes.png"
Adidas Ultraboost Light,Adidas,Footwear,Shoe,190.00,100,Lightest Ultraboost.,40 41 42 43,"https://assets.adidas.com/images/h_840,f_auto,q_auto,fl_lossy,c_fill,g_auto/79b49b38641142279b9baf2f012015fa_9366/Ultraboost_Light_Running_Shoes_White_HQ6339_01_standard.jpg"
Adidas Boston 12,Adidas,Footwear,Shoe,160.00,100,Tempo training shoe.,42 43 44 45,"https://assets.adidas.com/images/h_840,f_auto,q_auto,fl_lossy,c_fill,g_auto/28e67879b29c48b29f04af520101b0f1_9366/Adizero_Boston_12_Running_Shoes_Blue_HQ2171_01_standard.jpg"
Adidas Solarboost 5,Adidas,Footwear,Shoe,150.00,100,Stability runner.,41 42 43,"https://assets.adidas.com/images/h_840,f_auto,q_auto,fl_lossy,c_fill,g_auto/a12b487e45ad4e29ba8caf6001211bfa_9366/Solarboost_5_Running_Shoes_Black_HP5642_01_standard.jpg"
Adidas Supernova Rise,Adidas,Footwear,Shoe,140.00,100,Daily comfort trainer.,40 41 42,"https://assets.adidas.com/images/h_840,f_auto,q_auto,fl_lossy,c_fill,g_auto/db1a28a3f5b74c89ba0aaf6501111bfa_9366/Supernova_Rise_Running_Shoes_Grey_HP5700_01_standard.jpg"
Adidas Adios Pro 3,Adidas,Footwear,Shoe,250.00,100,Marathon racer.,40 41 42 43 44,"https://assets.adidas.com/images/h_840,f_auto,q_auto,fl_lossy,c_fill,g_auto/79b49b38641142279b9baf2f012015fa_9366/Ultraboost_Light_Running_Shoes_White_HQ6339_01_standard.jpg"
Adidas Takumi Sen 10,Adidas,Footwear,Shoe,180.00,100,5K/10K racing shoe.,41 42 43,"https://assets.adidas.com/images/h_840,f_auto,q_auto,fl_lossy,c_fill,g_auto/28e67879b29c48b29f04af520101b0f1_9366/Adizero_Boston_12_Running_Shoes_Blue_HQ2171_01_standard.jpg"
Adidas Prime X,Adidas,Footwear,Shoe,300.00,100,Illegal stack height racer.,42 43 44,"https://assets.adidas.com/images/h_840,f_auto,q_auto,fl_lossy,c_fill,g_auto/a12b487e45ad4e29ba8caf6001211bfa_9366/Solarboost_5_Running_Shoes_Black_HP5642_01_standard.jpg"
Adidas Duramo Speed,Adidas,Footwear,Shoe,90.00,100,Budget speed shoe.,40 41 42,"https://assets.adidas.com/images/h_840,f_auto,q_auto,fl_lossy,c_fill,g_auto/db1a28a3f5b74c89ba0aaf6501111bfa_9366/Supernova_Rise_Running_Shoes_Grey_HP5700_01_standard.jpg"
Adidas Galaxy 6,Adidas,Footwear,Shoe,60.00,100,Entry level comfort.,41 42 43 44,"https://assets.adidas.com/images/h_840,f_auto,q_auto,fl_lossy,c_fill,g_auto/79b49b38641142279b9baf2f012015fa_9366/Ultraboost_Light_Running_Shoes_White_HQ6339_01_standard.jpg"
Adidas Runfalcon 3,Adidas,Footwear,Shoe,65.00,100,Everyday walking running.,40 41 42,"https://assets.adidas.com/images/h_840,f_auto,q_auto,fl_lossy,c_fill,g_auto/28e67879b29c48b29f04af520101b0f1_9366/Adizero_Boston_12_Running_Shoes_Blue_HQ2171_01_standard.jpg"
Adidas Questar,Adidas,Footwear,Shoe,75.00,100,Cushioned runner.,42 43 44,"https://assets.adidas.com/images/h_840,f_auto,q_auto,fl_lossy,c_fill,g_auto/a12b487e45ad4e29ba8caf6001211bfa_9366/Solarboost_5_Running_Shoes_Black_HP5642_01_standard.jpg"
Adidas EQ21,Adidas,Footwear,Shoe,80.00,100,Bounce midsole shoe.,41 42 43,"https://assets.adidas.com/images/h_840,f_auto,q_auto,fl_lossy,c_fill,g_auto/db1a28a3f5b74c89ba0aaf6501111bfa_9366/Supernova_Rise_Running_Shoes_Grey_HP5700_01_standard.jpg"
Adidas Supernova 3,Adidas,Footwear,Shoe,100.00,100,Recycled materials runner.,40 41 42 43,"https://assets.adidas.com/images/h_840,f_auto,q_auto,fl_lossy,c_fill,g_auto/79b49b38641142279b9baf2f012015fa_9366/Ultraboost_Light_Running_Shoes_White_HQ6339_01_standard.jpg"
Adidas Adistar,Adidas,Footwear,Shoe,130.00,100,Slow long run shoe.,41 43 45,"https://assets.adidas.com/images/h_840,f_auto,q_auto,fl_lossy,c_fill,g_auto/28e67879b29c48b29f04af520101b0f1_9366/Adizero_Boston_12_Running_Shoes_Blue_HQ2171_01_standard.jpg"
Adidas Terrex,Adidas,Footwear,Shoe,140.00,100,Trail running robust shoe.,40 42 44,"https://assets.adidas.com/images/h_840,f_auto,q_auto,fl_lossy,c_fill,g_auto/a12b487e45ad4e29ba8caf6001211bfa_9366/Solarboost_5_Running_Shoes_Black_HP5642_01_standard.jpg"
NB 1080v13,New Balance,Footwear,Shoe,165.00,100,Plush underfoot experience.,41 42 43 44,"https://nb.scene7.com/is/image/NB/m1080w13_nb_02_i?$pdp_main_v4$&wid=1280&hei=1280"
NB Rebel v4,New Balance,Footwear,Shoe,140.00,100,Lightweight pace shoe.,40 41 42,"https://nb.scene7.com/is/image/NB/mfcxlw4_nb_02_i?$pdp_main_v4$&wid=1280&hei=1280"
NB More v4,New Balance,Footwear,Shoe,150.00,100,Max Fresh Foam.,42 43 44,"https://nb.scene7.com/is/image/NB/mmorbl4_nb_02_i?$pdp_main_v4$&wid=1280&hei=1280"
NB 880v14,New Balance,Footwear,Shoe,140.00,100,Reliable daily trainer.,40 41 42 43,"https://nb.scene7.com/is/image/NB/m1080w13_nb_02_i?$pdp_main_v4$&wid=1280&hei=1280"
NB 860v13,New Balance,Footwear,Shoe,140.00,100,Stability daily runner.,41 42 43,"https://nb.scene7.com/is/image/NB/mfcxlw4_nb_02_i?$pdp_main_v4$&wid=1280&hei=1280"
NB Elite v4,New Balance,Footwear,Shoe,250.00,100,Carbon plated racer.,42 43 44,"https://nb.scene7.com/is/image/NB/mmorbl4_nb_02_i?$pdp_main_v4$&wid=1280&hei=1280"
NB Propel v4,New Balance,Footwear,Shoe,110.00,100,Energy arc trainer.,40 41 42,"https://nb.scene7.com/is/image/NB/m1080w13_nb_02_i?$pdp_main_v4$&wid=1280&hei=1280"
NB Vongo v6,New Balance,Footwear,Shoe,165.00,100,Premium stability shoe.,41 42 43 44,"https://nb.scene7.com/is/image/NB/mfcxlw4_nb_02_i?$pdp_main_v4$&wid=1280&hei=1280"
NB Beacon v3,New Balance,Footwear,Shoe,120.00,100,Lightweight daily run.,42 43 44,"https://nb.scene7.com/is/image/NB/mmorbl4_nb_02_i?$pdp_main_v4$&wid=1280&hei=1280"
NB Hierro v8,New Balance,Footwear,Shoe,135.00,100,Vibram trail shoe.,40 41 42,"https://nb.scene7.com/is/image/NB/m1080w13_nb_02_i?$pdp_main_v4$&wid=1280&hei=1280"
NB Nitrel v5,New Balance,Footwear,Shoe,75.00,100,All-terrain runner.,41 42 43,"https://nb.scene7.com/is/image/NB/mfcxlw4_nb_02_i?$pdp_main_v4$&wid=1280&hei=1280"
NB Garoe,New Balance,Footwear,Shoe,90.00,100,Beginner trail shoe.,42 43 44,"https://nb.scene7.com/is/image/NB/mmorbl4_nb_02_i?$pdp_main_v4$&wid=1280&hei=1280"
NB Arishi v4,New Balance,Footwear,Shoe,70.00,100,Versatile sport shoe.,40 41 42 43,"https://nb.scene7.com/is/image/NB/m1080w13_nb_02_i?$pdp_main_v4$&wid=1280&hei=1280"
NB Evoz v3,New Balance,Footwear,Shoe,100.00,100,Soft cushioned trainer.,41 42 43,"https://nb.scene7.com/is/image/NB/mfcxlw4_nb_02_i?$pdp_main_v4$&wid=1280&hei=1280"
NB Kaiha Road,New Balance,Footwear,Shoe,100.00,100,Thick midsole runner.,42 43 44,"https://nb.scene7.com/is/image/NB/mmorbl4_nb_02_i?$pdp_main_v4$&wid=1280&hei=1280"
Asics Kayano 30,Asics,Footwear,Shoe,160.00,100,Advanced stability.,41 42 43 44,"https://m.media-amazon.com/images/I/71u9sX7W1NL._AC_SY695_.jpg"
Asics Nimbus 26,Asics,Footwear,Shoe,160.00,100,Max plush comfort.,40 41 42,"https://m.media-amazon.com/images/I/71u9sX7W1NL._AC_SY695_.jpg"
Asics Novablast 4,Asics,Footwear,Shoe,140.00,100,Bouncy trampoline effect.,42 43 44,"https://m.media-amazon.com/images/I/71u9sX7W1NL._AC_SY695_.jpg"
Asics Cumulus 26,Asics,Footwear,Shoe,140.00,100,Everyday neutral trainer.,40 41 42 43,"https://m.media-amazon.com/images/I/71u9sX7W1NL._AC_SY695_.jpg"
Asics GT-2000 12,Asics,Footwear,Shoe,140.00,100,Lightweight stability.,41 42 43,"https://m.media-amazon.com/images/I/71u9sX7W1NL._AC_SY695_.jpg"
Puma Velocity Nitro 3,Puma,Footwear,Shoe,130.00,100,Nitrogen-infused foam.,40 41 42,"https://images.puma.com/image/upload/f_auto,q_auto,b_rgb:fafafa,w_1000,h_1000/global/377748/01/sv01/fnd/PNA"
Puma Deviate Nitro 2,Puma,Footwear,Shoe,160.00,100,Plated training shoe.,41 42 43 44,"https://images.puma.com/image/upload/f_auto,q_auto,b_rgb:fafafa,w_1000,h_1000/global/377748/01/sv01/fnd/PNA"
Puma Magnify Nitro 2,Puma,Footwear,Shoe,150.00,100,Max cushion Puma.,42 43 44,"https://images.puma.com/image/upload/f_auto,q_auto,b_rgb:fafafa,w_1000,h_1000/global/377748/01/sv01/fnd/PNA"
Puma ForeverRun Nitro,Puma,Footwear,Shoe,150.00,100,Stable running shoe.,40 41 42,"https://images.puma.com/image/upload/f_auto,q_auto,b_rgb:fafafa,w_1000,h_1000/global/377748/01/sv01/fnd/PNA"
Puma Electrify Nitro 3,Puma,Footwear,Shoe,100.00,100,Budget nitro shoe.,41 42 43,"https://images.puma.com/image/upload/f_auto,q_auto,b_rgb:fafafa,w_1000,h_1000/global/377748/01/sv01/fnd/PNA"
Hoka Clifton 9,Hoka,Footwear,Shoe,145.00,100,Light and plush.,40 41 42 43,"https://m.media-amazon.com/images/I/71u9sX7W1NL._AC_SY695_.jpg"
Hoka Bondi 8,Hoka,Footwear,Shoe,165.00,100,Ultra cushioned shoe.,42 43 44,"https://m.media-amazon.com/images/I/71u9sX7W1NL._AC_SY695_.jpg"
Hoka Mach 6,Hoka,Footwear,Shoe,140.00,100,Responsive pace trainer.,40 41 42,"https://m.media-amazon.com/images/I/71u9sX7W1NL._AC_SY695_.jpg"
Hoka Speedgoat 5,Hoka,Footwear,Shoe,155.00,100,Elite trail running.,41 42 43 44,"https://m.media-amazon.com/images/I/71u9sX7W1NL._AC_SY695_.jpg"
Hoka Arahi 7,Hoka,Footwear,Shoe,145.00,100,J-Frame stability.,42 43 44,"https://m.media-amazon.com/images/I/71u9sX7W1NL._AC_SY695_.jpg"
Brooks Ghost 15,Brooks,Footwear,Shoe,140.00,100,Classic neutral trainer.,40 41 42 43,"https://m.media-amazon.com/images/I/71u9sX7W1NL._AC_SY695_.jpg"
Brooks Adrenaline 23,Brooks,Footwear,Shoe,140.00,100,GuideRails stability.,41 42 43,"https://m.media-amazon.com/images/I/71u9sX7W1NL._AC_SY695_.jpg"
Brooks Glycerin 21,Brooks,Footwear,Shoe,160.00,100,Softest Brooks shoe.,42 43 44,"https://m.media-amazon.com/images/I/71u9sX7W1NL._AC_SY695_.jpg"
Brooks Hyperion Max,Brooks,Footwear,Shoe,170.00,100,Fast training shoe.,40 41 42,"https://m.media-amazon.com/images/I/71u9sX7W1NL._AC_SY695_.jpg"
Brooks Cascadia 17,Brooks,Footwear,Shoe,140.00,100,Protective trail shoe.,41 42 43 44,"https://m.media-amazon.com/images/I/71u9sX7W1NL._AC_SY695_.jpg"
Under Armour HOVR Sonic 6,Under Armour,Footwear,Shoe,120.00,100,Flexible and breathable.,40 41 42,"https://m.media-amazon.com/images/I/71u9sX7W1NL._AC_SY695_.jpg"
Under Armour Machina 3,Under Armour,Footwear,Shoe,150.00,100,Form coaching runner.,41 42 43,"https://m.media-amazon.com/images/I/71u9sX7W1NL._AC_SY695_.jpg"
Under Armour Infinite,Under Armour,Footwear,Shoe,130.00,100,Endurance running shoe.,42 43 44,"https://m.media-amazon.com/images/I/71u9sX7W1NL._AC_SY695_.jpg"
Under Armour Phantom 3,Under Armour,Footwear,Shoe,140.00,100,Sock-like fit runner.,40 41 42 43,"https://m.media-amazon.com/images/I/71u9sX7W1NL._AC_SY695_.jpg"
Under Armour Assert 10,Under Armour,Footwear,Shoe,70.00,100,Entry level comfortable.,41 42 43,"https://m.media-amazon.com/images/I/71u9sX7W1NL._AC_SY695_.jpg"
On Cloudmonster,On Running,Footwear,Shoe,170.00,100,Max CloudTec cushioning.,42 43 44,"https://m.media-amazon.com/images/I/71u9sX7W1NL._AC_SY695_.jpg"
On Cloudsurfer,On Running,Footwear,Shoe,160.00,100,Computer-optimized technology.,40 41 42,"https://m.media-amazon.com/images/I/71u9sX7W1NL._AC_SY695_.jpg"
On Cloudstratus 3,On Running,Footwear,Shoe,180.00,100,Double CloudTec layers.,41 42 43 44,"https://m.media-amazon.com/images/I/71u9sX7W1NL._AC_SY695_.jpg"
On Cloudflyer 4,On Running,Footwear,Shoe,170.00,100,Supportive running shoe.,40 41 42,"https://m.media-amazon.com/images/I/71u9sX7W1NL._AC_SY695_.jpg"
On Cloudrunner,On Running,Footwear,Shoe,150.00,100,Comfortable daily run.,42 43 44,"https://m.media-amazon.com/images/I/71u9sX7W1NL._AC_SY695_.jpg"
Saucony Triumph 21,Saucony,Footwear,Shoe,160.00,100,Premium neutral cushioning.,41 42 43,"https://m.media-amazon.com/images/I/71u9sX7W1NL._AC_SY695_.jpg"
Saucony Ride 17,Saucony,Footwear,Shoe,140.00,100,Smooth daily miles.,40 41 42 43,"https://m.media-amazon.com/images/I/71u9sX7W1NL._AC_SY695_.jpg"
Saucony Guide 17,Saucony,Footwear,Shoe,140.00,100,Everyday stability.,42 43 44,"https://m.media-amazon.com/images/I/71u9sX7W1NL._AC_SY695_.jpg"
Saucony Endorphin Speed 4,Saucony,Footwear,Shoe,170.00,100,Nylon plated trainer.,41 42 43,"https://m.media-amazon.com/images/I/71u9sX7W1NL._AC_SY695_.jpg"
Saucony Kinvara 14,Saucony,Footwear,Shoe,120.00,100,Lightweight flexible runner.,40 41 42,"https://m.media-amazon.com/images/I/71u9sX7W1NL._AC_SY695_.jpg"
Mizuno Wave Rider 27,Mizuno,Footwear,Shoe,140.00,100,Classic wave plate trainer.,42 43 44,"https://m.media-amazon.com/images/I/71u9sX7W1NL._AC_SY695_.jpg"
Mizuno Wave Inspire 20,Mizuno,Footwear,Shoe,140.00,100,Supportive wave technology.,41 42 43 44,"https://m.media-amazon.com/images/I/71u9sX7W1NL._AC_SY695_.jpg"
Mizuno Wave Sky 7,Mizuno,Footwear,Shoe,170.00,100,Floating feel running shoe.,40 41 42,"https://m.media-amazon.com/images/I/71u9sX7W1NL._AC_SY695_.jpg"
Mizuno Wave Rebellion,Mizuno,Footwear,Shoe,180.00,100,Glass-fiber plated racer.,42 43 44,"https://m.media-amazon.com/images/I/71u9sX7W1NL._AC_SY695_.jpg"
Mizuno Wave Horizon 7,Mizuno,Footwear,Shoe,170.00,100,Max stability running.,41 42 43,"https://m.media-amazon.com/images/I/71u9sX7W1NL._AC_SY695_.jpg"
Nike Mercurial Superfly 9,Nike,Footwear,Football Shoe,275.00,100,Explosive speed.,41 42 43 44,"https://static.nike.com/a/images/t_PDP_1280_v1/f_auto,q_auto:eco/3db836c0-c3d3-455b-bf74-27cbcf49392b/mercurial-superfly-9-academy-mg-football-boot.png"
Nike Phantom GX 2,Nike,Footwear,Football Shoe,260.00,100,Elite ball control.,40 41 42,"https://static.nike.com/a/images/t_PDP_1280_v1/f_auto,q_auto:eco/509270ea-37fb-4fb2-b7e8-2cb9745d045d/phantom-gx-2-pro-fg-football-boot.png"
Nike Tiempo Legend 10,Nike,Footwear,Football Shoe,240.00,100,Premium leather touch.,42 43 44,"https://static.nike.com/a/images/t_PDP_1280_v1/f_auto,q_auto:eco/3db836c0-c3d3-455b-bf74-27cbcf49392b/mercurial-superfly-9-academy-mg-football-boot.png"
Nike Premier 3,Nike,Footwear,Football Shoe,120.00,100,Classic K-leather boot.,41 42 43,"https://static.nike.com/a/images/t_PDP_1280_v1/f_auto,q_auto:eco/509270ea-37fb-4fb2-b7e8-2cb9745d045d/phantom-gx-2-pro-fg-football-boot.png"
Nike Mercurial Vapor 15,Nike,Footwear,Football Shoe,260.00,100,Low cut speed boot.,40 41 42 43,"https://static.nike.com/a/images/t_PDP_1280_v1/f_auto,q_auto:eco/3db836c0-c3d3-455b-bf74-27cbcf49392b/mercurial-superfly-9-academy-mg-football-boot.png"
Nike Phantom Luna,Nike,Footwear,Football Shoe,275.00,100,Cyclone 360 traction.,42 43 44,"https://static.nike.com/a/images/t_PDP_1280_v1/f_auto,q_auto:eco/509270ea-37fb-4fb2-b7e8-2cb9745d045d/phantom-gx-2-pro-fg-football-boot.png"
Nike Streetgato,Nike,Footwear,Football Shoe,85.00,100,Street football shoe.,41 42 43,"https://static.nike.com/a/images/t_PDP_1280_v1/f_auto,q_auto:eco/3db836c0-c3d3-455b-bf74-27cbcf49392b/mercurial-superfly-9-academy-mg-football-boot.png"
Nike Lunar Gato II,Nike,Footwear,Football Shoe,100.00,100,Indoor court specialist.,40 41 42,"https://static.nike.com/a/images/t_PDP_1280_v1/f_auto,q_auto:eco/509270ea-37fb-4fb2-b7e8-2cb9745d045d/phantom-gx-2-pro-fg-football-boot.png"
Nike Mercurial Academy,Nike,Footwear,Football Shoe,90.00,100,Affordable speed boot.,42 43 44,"https://static.nike.com/a/images/t_PDP_1280_v1/f_auto,q_auto:eco/3db836c0-c3d3-455b-bf74-27cbcf49392b/mercurial-superfly-9-academy-mg-football-boot.png"
Nike Phantom Club,Nike,Footwear,Football Shoe,65.00,100,Entry level control.,41 42 43 44,"https://static.nike.com/a/images/t_PDP_1280_v1/f_auto,q_auto:eco/509270ea-37fb-4fb2-b7e8-2cb9745d045d/phantom-gx-2-pro-fg-football-boot.png"
Nike Tiempo Club,Nike,Footwear,Football Shoe,60.00,100,Entry level heritage.,40 41 42,"https://static.nike.com/a/images/t_PDP_1280_v1/f_auto,q_auto:eco/3db836c0-c3d3-455b-bf74-27cbcf49392b/mercurial-superfly-9-academy-mg-football-boot.png"
Nike Mercurial Pro TF,Nike,Footwear,Football Shoe,120.00,100,Turf football shoe.,42 43 44,"https://static.nike.com/a/images/t_PDP_1280_v1/f_auto,q_auto:eco/509270ea-37fb-4fb2-b7e8-2cb9745d045d/phantom-gx-2-pro-fg-football-boot.png"
Nike Phantom Pro IC,Nike,Footwear,Football Shoe,120.00,100,Indoor court control.,41 42 43,"https://static.nike.com/a/images/t_PDP_1280_v1/f_auto,q_auto:eco/3db836c0-c3d3-455b-bf74-27cbcf49392b/mercurial-superfly-9-academy-mg-football-boot.png"
Nike Tiempo Pro TF,Nike,Footwear,Football Shoe,115.00,100,Turf leather boot.,40 41 42 43,"https://static.nike.com/a/images/t_PDP_1280_v1/f_auto,q_auto:eco/509270ea-37fb-4fb2-b7e8-2cb9745d045d/phantom-gx-2-pro-fg-football-boot.png"
Nike Premier 3 TF,Nike,Footwear,Football Shoe,110.00,100,Classic turf boot.,42 43 44,"https://static.nike.com/a/images/t_PDP_1280_v1/f_auto,q_auto:eco/3db836c0-c3d3-455b-bf74-27cbcf49392b/mercurial-superfly-9-academy-mg-football-boot.png"
Adidas Predator Elite FT,Adidas,Footwear,Football Shoe,265.00,100,Strike fins technology.,41 42 43 44,"https://assets.adidas.com/images/h_840,f_auto,q_auto,fl_lossy,c_fill,g_auto/2cb2d04a4bc94a97864fbe3d2269c362_9366/Predator_Elite_FT_Firm_Ground_Boots_Black_IG7706_01_standard.jpg"
Adidas F50 Elite,Adidas,Footwear,Football Shoe,250.00,100,Ultimate acceleration.,42 43 44 45,"https://assets.adidas.com/images/h_840,f_auto,q_auto,fl_lossy,c_fill,g_auto/01f5f24792c34bb990c0af650115a9da_9366/F50_Elite_FG_White_HP5700_01_standard.jpg"
Adidas Copa Pure 2,Adidas,Footwear,Football Shoe,230.00,100,Flawless leather touch.,40 41 42 43,"https://assets.adidas.com/images/h_840,f_auto,q_auto,fl_lossy,c_fill,g_auto/2cb2d04a4bc94a97864fbe3d2269c362_9366/Predator_Elite_FT_Firm_Ground_Boots_Black_IG7706_01_standard.jpg"
Adidas X Crazyfast,Adidas,Footwear,Football Shoe,250.00,100,Lightweight speed.,41 42 43 44,"https://assets.adidas.com/images/h_840,f_auto,q_auto,fl_lossy,c_fill,g_auto/01f5f24792c34bb990c0af650115a9da_9366/F50_Elite_FG_White_HP5700_01_standard.jpg"
Adidas Predator League,Adidas,Footwear,Football Shoe,90.00,100,Affordable control.,42 43 44,"https://assets.adidas.com/images/h_840,f_auto,q_auto,fl_lossy,c_fill,g_auto/2cb2d04a4bc94a97864fbe3d2269c362_9366/Predator_Elite_FT_Firm_Ground_Boots_Black_IG7706_01_standard.jpg"
Adidas Copa Gloro,Adidas,Footwear,Football Shoe,100.00,100,Classic tongue boot.,40 41 42,"https://assets.adidas.com/images/h_840,f_auto,q_auto,fl_lossy,c_fill,g_auto/01f5f24792c34bb990c0af650115a9da_9366/F50_Elite_FG_White_HP5700_01_standard.jpg"
Adidas Mundial Team,Adidas,Footwear,Football Shoe,130.00,100,Legendary turf shoe.,41 42 43,"https://assets.adidas.com/images/h_840,f_auto,q_auto,fl_lossy,c_fill,g_auto/2cb2d04a4bc94a97864fbe3d2269c362_9366/Predator_Elite_FT_Firm_Ground_Boots_Black_IG7706_01_standard.jpg"
Adidas Samba Indoor,Adidas,Footwear,Football Shoe,100.00,100,Iconic indoor shoe.,42 43 44,"https://assets.adidas.com/images/h_840,f_auto,q_auto,fl_lossy,c_fill,g_auto/01f5f24792c34bb990c0af650115a9da_9366/F50_Elite_FG_White_HP5700_01_standard.jpg"
Adidas Kaiser 5 Liga,Adidas,Footwear,Football Shoe,120.00,100,Classic heritage boot.,40 41 42 43,"https://assets.adidas.com/images/h_840,f_auto,q_auto,fl_lossy,c_fill,g_auto/2cb2d04a4bc94a97864fbe3d2269c362_9366/Predator_Elite_FT_Firm_Ground_Boots_Black_IG7706_01_standard.jpg"
Adidas X Club,Adidas,Footwear,Football Shoe,60.00,100,Entry level speed.,41 42 43 44,"https://assets.adidas.com/images/h_840,f_auto,q_auto,fl_lossy,c_fill,g_auto/01f5f24792c34bb990c0af650115a9da_9366/F50_Elite_FG_White_HP5700_01_standard.jpg"
Adidas Predator Accuracy.3,Adidas,Footwear,Football Shoe,85.00,100,Mid-tier control boot.,42 43 44,"https://assets.adidas.com/images/h_840,f_auto,q_auto,fl_lossy,c_fill,g_auto/2cb2d04a4bc94a97864fbe3d2269c362_9366/Predator_Elite_FT_Firm_Ground_Boots_Black_IG7706_01_standard.jpg"
Adidas Copa Sense.3,Adidas,Footwear,Football Shoe,80.00,100,Mid-tier leather feel.,40 41 42,"https://assets.adidas.com/images/h_840,f_auto,q_auto,fl_lossy,c_fill,g_auto/01f5f24792c34bb990c0af650115a9da_9366/F50_Elite_FG_White_HP5700_01_standard.jpg"
Adidas Gamemode,Adidas,Footwear,Football Shoe,100.00,100,Sustainable football boot.,41 42 43,"https://assets.adidas.com/images/h_840,f_auto,q_auto,fl_lossy,c_fill,g_auto/2cb2d04a4bc94a97864fbe3d2269c362_9366/Predator_Elite_FT_Firm_Ground_Boots_Black_IG7706_01_standard.jpg"
Adidas X Speedportal.1,Adidas,Footwear,Football Shoe,200.00,100,Previous gen speed.,42 43 44,"https://assets.adidas.com/images/h_840,f_auto,q_auto,fl_lossy,c_fill,g_auto/01f5f24792c34bb990c0af650115a9da_9366/F50_Elite_FG_White_HP5700_01_standard.jpg"
Adidas Predator Edge.1,Adidas,Footwear,Football Shoe,200.00,100,Zone skin technology.,40 41 42 43,"https://assets.adidas.com/images/h_840,f_auto,q_auto,fl_lossy,c_fill,g_auto/2cb2d04a4bc94a97864fbe3d2269c362_9366/Predator_Elite_FT_Firm_Ground_Boots_Black_IG7706_01_standard.jpg"
Puma Future 7 Ultimate,Puma,Footwear,Football Shoe,230.00,100,Fuzionfit360 upper.,40 41 42 43,"https://images.puma.com/image/upload/f_auto,q_auto,b_rgb:fafafa,w_1000,h_1000/global/107599/01/sv01/fnd/PNA"
Puma Ultra Ultimate,Puma,Footwear,Football Shoe,220.00,100,Ultraweave speed.,41 42 43 44,"https://images.puma.com/image/upload/f_auto,q_auto,b_rgb:fafafa,w_1000,h_1000/global/107599/01/sv01/fnd/PNA"
Puma King Ultimate,Puma,Footwear,Football Shoe,210.00,100,K-Better material.,42 43 44,"https://images.puma.com/image/upload/f_auto,q_auto,b_rgb:fafafa,w_1000,h_1000/global/107599/01/sv01/fnd/PNA"
Puma Future Match,Puma,Footwear,Football Shoe,90.00,100,Mid-tier playmaker.,40 41 42,"https://images.puma.com/image/upload/f_auto,q_auto,b_rgb:fafafa,w_1000,h_1000/global/107599/01/sv01/fnd/PNA"
Puma Ultra Match,Puma,Footwear,Football Shoe,85.00,100,Mid-tier speed.,41 42 43,"https://images.puma.com/image/upload/f_auto,q_auto,b_rgb:fafafa,w_1000,h_1000/global/107599/01/sv01/fnd/PNA"
Puma King Match,Puma,Footwear,Football Shoe,80.00,100,Mid-tier heritage.,42 43 44,"https://images.puma.com/image/upload/f_auto,q_auto,b_rgb:fafafa,w_1000,h_1000/global/107599/01/sv01/fnd/PNA"
Puma Future Play,Puma,Footwear,Football Shoe,60.00,100,Entry level future.,40 41 42 43,"https://images.puma.com/image/upload/f_auto,q_auto,b_rgb:fafafa,w_1000,h_1000/global/107599/01/sv01/fnd/PNA"
Puma Ultra Play,Puma,Footwear,Football Shoe,55.00,100,Entry level ultra.,41 42 43 44,"https://images.puma.com/image/upload/f_auto,q_auto,b_rgb:fafafa,w_1000,h_1000/global/107599/01/sv01/fnd/PNA"
Puma King Top,Puma,Footwear,Football Shoe,150.00,100,Classic K-leather.,42 43 44,"https://images.puma.com/image/upload/f_auto,q_auto,b_rgb:fafafa,w_1000,h_1000/global/107599/01/sv01/fnd/PNA"
Puma Tacto,Puma,Footwear,Football Shoe,45.00,100,Budget football shoe.,40 41 42,"https://images.puma.com/image/upload/f_auto,q_auto,b_rgb:fafafa,w_1000,h_1000/global/107599/01/sv01/fnd/PNA"
Puma Future Pro TF,Puma,Footwear,Football Shoe,120.00,100,Turf playmaker.,41 42 43,"https://images.puma.com/image/upload/f_auto,q_auto,b_rgb:fafafa,w_1000,h_1000/global/107599/01/sv01/fnd/PNA"
Puma Ultra Pro IC,Puma,Footwear,Football Shoe,120.00,100,Indoor speed.,42 43 44,"https://images.puma.com/image/upload/f_auto,q_auto,b_rgb:fafafa,w_1000,h_1000/global/107599/01/sv01/fnd/PNA"
Puma King Pro TF,Puma,Footwear,Football Shoe,110.00,100,Turf heritage.,40 41 42 43,"https://images.puma.com/image/upload/f_auto,q_auto,b_rgb:fafafa,w_1000,h_1000/global/107599/01/sv01/fnd/PNA"
Puma Monarch,Puma,Footwear,Football Shoe,50.00,100,Basic leather boot.,41 42 43 44,"https://images.puma.com/image/upload/f_auto,q_auto,b_rgb:fafafa,w_1000,h_1000/global/107599/01/sv01/fnd/PNA"
Puma evoSPEED,Puma,Footwear,Football Shoe,180.00,100,Retro speed boot.,42 43 44,"https://images.puma.com/image/upload/f_auto,q_auto,b_rgb:fafafa,w_1000,h_1000/global/107599/01/sv01/fnd/PNA"
NB Furon V7 Pro,New Balance,Footwear,Football Shoe,215.00,100,Explosive performance.,41 42 43,"https://nb.scene7.com/is/image/NB/mfcxlw4_nb_02_i?$pdp_main_v4$&wid=1280&hei=1280"
NB Tekela V4 Pro,New Balance,Footwear,Football Shoe,215.00,100,Laceless control.,42 43 44,"https://nb.scene7.com/is/image/NB/mmorbl4_nb_02_i?$pdp_main_v4$&wid=1280&hei=1280"
NB 442 V2 Pro,New Balance,Footwear,Football Shoe,130.00,100,Premium leather heritage.,40 41 42 43,"https://nb.scene7.com/is/image/NB/m1080w13_nb_02_i?$pdp_main_v4$&wid=1280&hei=1280"
NB Furon V7 Dispatch,New Balance,Footwear,Football Shoe,75.00,100,Entry level speed.,41 42 43 44,"https://nb.scene7.com/is/image/NB/mfcxlw4_nb_02_i?$pdp_main_v4$&wid=1280&hei=1280"
NB Tekela V4 Magique,New Balance,Footwear,Football Shoe,80.00,100,Mid-tier control.,42 43 44,"https://nb.scene7.com/is/image/NB/mmorbl4_nb_02_i?$pdp_main_v4$&wid=1280&hei=1280"
Real Madrid Home,Adidas,Apparel,Jersey,90.00,100,Official home match kit.,S M L XL,"https://assets.adidas.com/images/h_840,f_auto,q_auto,fl_lossy,c_fill,g_auto/8b4931a7ff2140a793a3af5601097ff8_9366/Real_Madrid_23-24_Home_Jersey_White_HR3796_01_standard.jpg"
Barcelona Home,Nike,Apparel,Jersey,90.00,100,Blaugrana stripes.,S M L XL,"https://static.nike.com/a/images/t_PDP_1280_v1/f_auto,q_auto:eco/8c69bbdf-cff1-4999-bbbf-f6b986b627f1/fc-barcelona-2023-24-stadium-home-football-shirt.png"
Manchester Utd Home,Adidas,Apparel,Jersey,90.00,100,Old Trafford red devils.,S M L XL,"https://assets.adidas.com/images/h_840,f_auto,q_auto,fl_lossy,c_fill,g_auto/6198f2b2c9df4db0b809af6700ea6518_9366/Manchester_United_23-24_Home_Jersey_Red_IP1726_01_standard.jpg"
Manchester City Home,Puma,Apparel,Jersey,90.00,100,Sky blue home kit.,S M L XL,"https://images.puma.com/image/upload/f_auto,q_auto,b_rgb:fafafa,w_1000,h_1000/global/770438/01/fnd/PNA"
Arsenal Home,Adidas,Apparel,Jersey,90.00,100,Gunners official shirt.,S M L XL,"https://assets.adidas.com/images/h_840,f_auto,q_auto,fl_lossy,c_fill,g_auto/8b4931a7ff2140a793a3af5601097ff8_9366/Real_Madrid_23-24_Home_Jersey_White_HR3796_01_standard.jpg"
Chelsea Home,Nike,Apparel,Jersey,90.00,100,Blues home jersey.,S M L XL,"https://static.nike.com/a/images/t_PDP_1280_v1/f_auto,q_auto:eco/8c69bbdf-cff1-4999-bbbf-f6b986b627f1/fc-barcelona-2023-24-stadium-home-football-shirt.png"
Liverpool Home,Nike,Apparel,Jersey,90.00,100,Reds official kit.,S M L XL,"https://static.nike.com/a/images/t_PDP_1280_v1/f_auto,q_auto:eco/8c69bbdf-cff1-4999-bbbf-f6b986b627f1/fc-barcelona-2023-24-stadium-home-football-shirt.png"
Bayern Munich Home,Adidas,Apparel,Jersey,90.00,100,Die Roten home.,S M L XL,"https://assets.adidas.com/images/h_840,f_auto,q_auto,fl_lossy,c_fill,g_auto/6198f2b2c9df4db0b809af6700ea6518_9366/Manchester_United_23-24_Home_Jersey_Red_IP1726_01_standard.jpg"
Borussia Dortmund Home,Puma,Apparel,Jersey,90.00,100,Yellow wall jersey.,S M L XL,"https://images.puma.com/image/upload/f_auto,q_auto,b_rgb:fafafa,w_1000,h_1000/global/770438/01/fnd/PNA"
PSG Home,Nike,Apparel,Jersey,90.00,100,Paris official kit.,S M L XL,"https://static.nike.com/a/images/t_PDP_1280_v1/f_auto,q_auto:eco/8c69bbdf-cff1-4999-bbbf-f6b986b627f1/fc-barcelona-2023-24-stadium-home-football-shirt.png"
Juventus Home,Adidas,Apparel,Jersey,90.00,100,Bianconeri stripes.,S M L XL,"https://assets.adidas.com/images/h_840,f_auto,q_auto,fl_lossy,c_fill,g_auto/8b4931a7ff2140a793a3af5601097ff8_9366/Real_Madrid_23-24_Home_Jersey_White_HR3796_01_standard.jpg"
AC Milan Home,Puma,Apparel,Jersey,90.00,100,Rossoneri kit.,S M L XL,"https://images.puma.com/image/upload/f_auto,q_auto,b_rgb:fafafa,w_1000,h_1000/global/770438/01/fnd/PNA"
Inter Milan Home,Nike,Apparel,Jersey,90.00,100,Nerazzurri shirt.,S M L XL,"https://static.nike.com/a/images/t_PDP_1280_v1/f_auto,q_auto:eco/8c69bbdf-cff1-4999-bbbf-f6b986b627f1/fc-barcelona-2023-24-stadium-home-football-shirt.png"
Napoli Home,EA7,Apparel,Jersey,90.00,100,Azzurri home kit.,S M L XL,"https://static.nike.com/a/images/t_PDP_1280_v1/f_auto,q_auto:eco/8c69bbdf-cff1-4999-bbbf-f6b986b627f1/fc-barcelona-2023-24-stadium-home-football-shirt.png"
Atletico Madrid Home,Nike,Apparel,Jersey,90.00,100,Rojiblancos kit.,S M L XL,"https://static.nike.com/a/images/t_PDP_1280_v1/f_auto,q_auto:eco/8c69bbdf-cff1-4999-bbbf-f6b986b627f1/fc-barcelona-2023-24-stadium-home-football-shirt.png"
Argentina Home 2024,Adidas,Apparel,Jersey,95.00,100,3-star World Champions.,S M L XL,"https://assets.adidas.com/images/h_840,f_auto,q_auto,fl_lossy,c_fill,g_auto/99e693b369c941328905af8a0114a9da_9366/Argentina_24_Home_Jersey_White_IP8381_01_standard.jpg"
France Home 2024,Nike,Apparel,Jersey,95.00,100,Les Bleus official.,S M L XL,"https://static.nike.com/a/images/t_PDP_1280_v1/f_auto,q_auto:eco/a59a93dd-b88a-4dbd-872f-d89006a8f154/fff-2024-stadium-home-football-replica-shirt.png"
Brazil Home 2024,Nike,Apparel,Jersey,95.00,100,Selecao yellow kit.,S M L XL,"https://static.nike.com/a/images/t_PDP_1280_v1/f_auto,q_auto:eco/a59a93dd-b88a-4dbd-872f-d89006a8f154/fff-2024-stadium-home-football-replica-shirt.png"
England Home 2024,Nike,Apparel,Jersey,95.00,100,Three Lions kit.,S M L XL,"https://static.nike.com/a/images/t_PDP_1280_v1/f_auto,q_auto:eco/a59a93dd-b88a-4dbd-872f-d89006a8f154/fff-2024-stadium-home-football-replica-shirt.png"
Belgium Home 2024,Adidas,Apparel,Jersey,95.00,100,Red Devils nation.,S M L XL,"https://assets.adidas.com/images/h_840,f_auto,q_auto,fl_lossy,c_fill,g_auto/99e693b369c941328905af8a0114a9da_9366/Argentina_24_Home_Jersey_White_IP8381_01_standard.jpg"
Netherlands Home 2024,Nike,Apparel,Jersey,95.00,100,Oranje official kit.,S M L XL,"https://static.nike.com/a/images/t_PDP_1280_v1/f_auto,q_auto:eco/a59a93dd-b88a-4dbd-872f-d89006a8f154/fff-2024-stadium-home-football-replica-shirt.png"
Portugal Home 2024,Nike,Apparel,Jersey,95.00,100,Selecao das Quinas.,S M L XL,"https://static.nike.com/a/images/t_PDP_1280_v1/f_auto,q_auto:eco/a59a93dd-b88a-4dbd-872f-d89006a8f154/fff-2024-stadium-home-football-replica-shirt.png"
Spain Home 2024,Adidas,Apparel,Jersey,95.00,100,La Roja home.,S M L XL,"https://assets.adidas.com/images/h_840,f_auto,q_auto,fl_lossy,c_fill,g_auto/99e693b369c941328905af8a0114a9da_9366/Argentina_24_Home_Jersey_White_IP8381_01_standard.jpg"
Italy Home 2024,Adidas,Apparel,Jersey,95.00,100,Azzurri nation kit.,S M L XL,"https://assets.adidas.com/images/h_840,f_auto,q_auto,fl_lossy,c_fill,g_auto/99e693b369c941328905af8a0114a9da_9366/Argentina_24_Home_Jersey_White_IP8381_01_standard.jpg"
Croatia Home 2024,Nike,Apparel,Jersey,95.00,100,Checkered jersey.,S M L XL,"https://static.nike.com/a/images/t_PDP_1280_v1/f_auto,q_auto:eco/a59a93dd-b88a-4dbd-872f-d89006a8f154/fff-2024-stadium-home-football-replica-shirt.png"
Morocco Home 2024,Puma,Apparel,Jersey,95.00,100,Atlas Lions kit.,S M L XL,"https://images.puma.com/image/upload/f_auto,q_auto,b_rgb:fafafa,w_1000,h_1000/global/770438/01/fnd/PNA"
Germany Home 2024,Adidas,Apparel,Jersey,95.00,100,Die Mannschaft.,S M L XL,"https://assets.adidas.com/images/h_840,f_auto,q_auto,fl_lossy,c_fill,g_auto/99e693b369c941328905af8a0114a9da_9366/Argentina_24_Home_Jersey_White_IP8381_01_standard.jpg"
Uruguay Home 2024,Puma,Apparel,Jersey,95.00,100,La Celeste kit.,S M L XL,"https://images.puma.com/image/upload/f_auto,q_auto,b_rgb:fafafa,w_1000,h_1000/global/770438/01/fnd/PNA"
Colombia Home 2024,Adidas,Apparel,Jersey,95.00,100,Los Cafeteros.,S M L XL,"https://assets.adidas.com/images/h_840,f_auto,q_auto,fl_lossy,c_fill,g_auto/99e693b369c941328905af8a0114a9da_9366/Argentina_24_Home_Jersey_White_IP8381_01_standard.jpg"
USA Home 2024,Nike,Apparel,Jersey,95.00,100,USMNT official.,S M L XL,"https://static.nike.com/a/images/t_PDP_1280_v1/f_auto,q_auto:eco/a59a93dd-b88a-4dbd-872f-d89006a8f154/fff-2024-stadium-home-football-replica-shirt.png"
Mexico Home 2024,Adidas,Apparel,Jersey,95.00,100,El Tri kit.,S M L XL,"https://assets.adidas.com/images/h_840,f_auto,q_auto,fl_lossy,c_fill,g_auto/99e693b369c941328905af8a0114a9da_9366/Argentina_24_Home_Jersey_White_IP8381_01_standard.jpg"
Senegal Home 2024,Puma,Apparel,Jersey,95.00,100,Lions of Teranga.,S M L XL,"https://images.puma.com/image/upload/f_auto,q_auto,b_rgb:fafafa,w_1000,h_1000/global/770438/01/fnd/PNA"
Japan Home 2024,Adidas,Apparel,Jersey,95.00,100,Samurai Blue.,S M L XL,"https://assets.adidas.com/images/h_840,f_auto,q_auto,fl_lossy,c_fill,g_auto/99e693b369c941328905af8a0114a9da_9366/Argentina_24_Home_Jersey_White_IP8381_01_standard.jpg"
Switzerland Home 2024,Puma,Apparel,Jersey,95.00,100,Nati home kit.,S M L XL,"https://images.puma.com/image/upload/f_auto,q_auto,b_rgb:fafafa,w_1000,h_1000/global/770438/01/fnd/PNA"
Denmark Home 2024,Hummel,Apparel,Jersey,95.00,100,Danish Dynamite.,S M L XL,"https://static.nike.com/a/images/t_PDP_1280_v1/f_auto,q_auto:eco/a59a93dd-b88a-4dbd-872f-d89006a8f154/fff-2024-stadium-home-football-replica-shirt.png"
Nike Tech Fleece Black,Nike,Apparel,Tracksuit,130.00,100,Full luxury tracksuit.,M L XL,"https://static.nike.com/a/images/t_PDP_1280_v1/f_auto,q_auto:eco/5fa15886-f3cc-4eeb-b2ee-1c3905101037/sportswear-tech-fleece-hoodie.png"
Nike Tech Fleece Grey,Nike,Apparel,Tracksuit,130.00,100,Premium street comfort.,M L XL,"https://static.nike.com/a/images/t_PDP_1280_v1/f_auto,q_auto:eco/5fa15886-f3cc-4eeb-b2ee-1c3905101037/sportswear-tech-fleece-hoodie.png"
Nike Academy Tracksuit,Nike,Apparel,Tracksuit,80.00,100,Football training suit.,S M L,"https://static.nike.com/a/images/t_PDP_1280_v1/f_auto,q_auto:eco/5fa15886-f3cc-4eeb-b2ee-1c3905101037/sportswear-tech-fleece-hoodie.png"
Nike Strike Tracksuit,Nike,Apparel,Tracksuit,95.00,100,Elite training wear.,M L XL,"https://static.nike.com/a/images/t_PDP_1280_v1/f_auto,q_auto:eco/5fa15886-f3cc-4eeb-b2ee-1c3905101037/sportswear-tech-fleece-hoodie.png"
Nike Sportswear Essential,Nike,Apparel,Tracksuit,110.00,100,Classic everyday suit.,S M L XL,"https://static.nike.com/a/images/t_PDP_1280_v1/f_auto,q_auto:eco/5fa15886-f3cc-4eeb-b2ee-1c3905101037/sportswear-tech-fleece-hoodie.png"
Nike Woven Tracksuit,Nike,Apparel,Tracksuit,85.00,100,Lightweight warmup.,M L XL,"https://static.nike.com/a/images/t_PDP_1280_v1/f_auto,q_auto:eco/5fa15886-f3cc-4eeb-b2ee-1c3905101037/sportswear-tech-fleece-hoodie.png"
Nike Therma-FIT,Nike,Apparel,Tracksuit,140.00,100,Winter training suit.,M L XL,"https://static.nike.com/a/images/t_PDP_1280_v1/f_auto,q_auto:eco/5fa15886-f3cc-4eeb-b2ee-1c3905101037/sportswear-tech-fleece-hoodie.png"
Nike Club Fleece,Nike,Apparel,Tracksuit,100.00,100,Cozy sweat suit.,S M L XL,"https://static.nike.com/a/images/t_PDP_1280_v1/f_auto,q_auto:eco/5fa15886-f3cc-4eeb-b2ee-1c3905101037/sportswear-tech-fleece-hoodie.png"
Nike Dri-FIT Park,Nike,Apparel,Tracksuit,70.00,100,Basic sport suit.,M L XL,"https://static.nike.com/a/images/t_PDP_1280_v1/f_auto,q_auto:eco/5fa15886-f3cc-4eeb-b2ee-1c3905101037/sportswear-tech-fleece-hoodie.png"
Nike Yoga Nomad,Nike,Apparel,Tracksuit,120.00,100,Flexible stretch suit.,M L XL,"https://static.nike.com/a/images/t_PDP_1280_v1/f_auto,q_auto:eco/5fa15886-f3cc-4eeb-b2ee-1c3905101037/sportswear-tech-fleece-hoodie.png"
Adidas Tiro 23,Adidas,Apparel,Tracksuit,95.00,100,Iconic 3-stripes suit.,S M L XL,"https://assets.adidas.com/images/h_840,f_auto,q_auto,fl_lossy,c_fill,g_auto/2cb2d04a4bc94a97864fbe3d2269c362_9366/Predator_Elite_FT_Firm_Ground_Boots_Black_IG7706_01_standard.jpg"
Adidas Sereno 19,Adidas,Apparel,Tracksuit,80.00,100,Slim fit training.,M L XL,"https://assets.adidas.com/images/h_840,f_auto,q_auto,fl_lossy,c_fill,g_auto/2cb2d04a4bc94a97864fbe3d2269c362_9366/Predator_Elite_FT_Firm_Ground_Boots_Black_IG7706_01_standard.jpg"
Adidas Essentials 3-Stripes,Adidas,Apparel,Tracksuit,85.00,100,Classic cotton blend.,S M L XL,"https://assets.adidas.com/images/h_840,f_auto,q_auto,fl_lossy,c_fill,g_auto/2cb2d04a4bc94a97864fbe3d2269c362_9366/Predator_Elite_FT_Firm_Ground_Boots_Black_IG7706_01_standard.jpg"
Adidas Condivo 22,Adidas,Apparel,Tracksuit,110.00,100,Pro training gear.,M L XL,"https://assets.adidas.com/images/h_840,f_auto,q_auto,fl_lossy,c_fill,g_auto/2cb2d04a4bc94a97864fbe3d2269c362_9366/Predator_Elite_FT_Firm_Ground_Boots_Black_IG7706_01_standard.jpg"
Adidas Aeroready,Adidas,Apparel,Tracksuit,90.00,100,Moisture wicking suit.,M L XL,"https://assets.adidas.com/images/h_840,f_auto,q_auto,fl_lossy,c_fill,g_auto/2cb2d04a4bc94a97864fbe3d2269c362_9366/Predator_Elite_FT_Firm_Ground_Boots_Black_IG7706_01_standard.jpg"
Adidas ZNE Premium,Adidas,Apparel,Tracksuit,150.00,100,High-end sport fashion.,S M L XL,"https://assets.adidas.com/images/h_840,f_auto,q_auto,fl_lossy,c_fill,g_auto/2cb2d04a4bc94a97864fbe3d2269c362_9366/Predator_Elite_FT_Firm_Ground_Boots_Black_IG7706_01_standard.jpg"
Adidas Entrada 22,Adidas,Apparel,Tracksuit,75.00,100,Clean basic warmup.,M L XL,"https://assets.adidas.com/images/h_840,f_auto,q_auto,fl_lossy,c_fill,g_auto/2cb2d04a4bc94a97864fbe3d2269c362_9366/Predator_Elite_FT_Firm_Ground_Boots_Black_IG7706_01_standard.jpg"
Adidas Squadra 21,Adidas,Apparel,Tracksuit,85.00,100,Teamwear standard.,S M L XL,"https://assets.adidas.com/images/h_840,f_auto,q_auto,fl_lossy,c_fill,g_auto/2cb2d04a4bc94a97864fbe3d2269c362_9366/Predator_Elite_FT_Firm_Ground_Boots_Black_IG7706_01_standard.jpg"
Adidas Originals Firebird,Adidas,Apparel,Tracksuit,120.00,100,Retro 80s style.,M L XL,"https://assets.adidas.com/images/h_840,f_auto,q_auto,fl_lossy,c_fill,g_auto/2cb2d04a4bc94a97864fbe3d2269c362_9366/Predator_Elite_FT_Firm_Ground_Boots_Black_IG7706_01_standard.jpg"
Adidas Originals SST,Adidas,Apparel,Tracksuit,110.00,100,Classic street suit.,M L XL,"https://assets.adidas.com/images/h_840,f_auto,q_auto,fl_lossy,c_fill,g_auto/2cb2d04a4bc94a97864fbe3d2269c362_9366/Predator_Elite_FT_Firm_Ground_Boots_Black_IG7706_01_standard.jpg"
Puma T7 Iconic,Puma,Apparel,Tracksuit,90.00,100,Retro T7 stripes.,M L XL,"https://static.nike.com/a/images/t_PDP_1280_v1/f_auto,q_auto:eco/5fa15886-f3cc-4eeb-b2ee-1c3905101037/sportswear-tech-fleece-hoodie.png"
Puma teamLIGA,Puma,Apparel,Tracksuit,75.00,100,Football training.,S M L XL,"https://static.nike.com/a/images/t_PDP_1280_v1/f_auto,q_auto:eco/5fa15886-f3cc-4eeb-b2ee-1c3905101037/sportswear-tech-fleece-hoodie.png"
Puma teamGOAL,Puma,Apparel,Tracksuit,70.00,100,Basic warmup suit.,M L XL,"https://static.nike.com/a/images/t_PDP_1280_v1/f_auto,q_auto:eco/5fa15886-f3cc-4eeb-b2ee-1c3905101037/sportswear-tech-fleece-hoodie.png"
Puma BMW Motorsport,Puma,Apparel,Tracksuit,130.00,100,Racing inspired suit.,M L XL,"https://static.nike.com/a/images/t_PDP_1280_v1/f_auto,q_auto:eco/5fa15886-f3cc-4eeb-b2ee-1c3905101037/sportswear-tech-fleece-hoodie.png"
Puma Ferrari Race,Puma,Apparel,Tracksuit,140.00,100,Premium race wear.,S M L XL,"https://static.nike.com/a/images/t_PDP_1280_v1/f_auto,q_auto:eco/5fa15886-f3cc-4eeb-b2ee-1c3905101037/sportswear-tech-fleece-hoodie.png"
Under Armour Challenger,Under Armour,Apparel,Tracksuit,85.00,100,Athletic fit suit.,M L XL,"https://static.nike.com/a/images/t_PDP_1280_v1/f_auto,q_auto:eco/5fa15886-f3cc-4eeb-b2ee-1c3905101037/sportswear-tech-fleece-hoodie.png"
Under Armour Rival Fleece,Under Armour,Apparel,Tracksuit,95.00,100,Warm winter fleece.,M L XL,"https://static.nike.com/a/images/t_PDP_1280_v1/f_auto,q_auto:eco/5fa15886-f3cc-4eeb-b2ee-1c3905101037/sportswear-tech-fleece-hoodie.png"
Under Armour Woven,Under Armour,Apparel,Tracksuit,90.00,100,Windbreaker suit.,S M L XL,"https://static.nike.com/a/images/t_PDP_1280_v1/f_auto,q_auto:eco/5fa15886-f3cc-4eeb-b2ee-1c3905101037/sportswear-tech-fleece-hoodie.png"
New Balance Tenacity,New Balance,Apparel,Tracksuit,85.00,100,Performance knit.,M L XL,"https://static.nike.com/a/images/t_PDP_1280_v1/f_auto,q_auto:eco/5fa15886-f3cc-4eeb-b2ee-1c3905101037/sportswear-tech-fleece-hoodie.png"
New Balance Athletics,New Balance,Apparel,Tracksuit,100.00,100,Classic NB style.,M L XL,"https://static.nike.com/a/images/t_PDP_1280_v1/f_auto,q_auto:eco/5fa15886-f3cc-4eeb-b2ee-1c3905101037/sportswear-tech-fleece-hoodie.png"
ON Whey Gold 1kg,Optimum Nutrition,Supplements,Protein,45.00,100,Premium isolate 1kg.,1 kg,"https://www.nutritiondepot.com.gh/wp-content/uploads/2021/04/on-gold-standard-whey-2lb.jpg"
Dymatize ISO100 1kg,Dymatize,Supplements,Protein,52.00,100,Hydrolyzed isolate 1kg.,1 kg,"https://m.media-amazon.com/images/I/716uW4U6bAL._AC_SL1500_.jpg"
MuscleTech Nitro-Tech 1kg,MuscleTech,Supplements,Protein,43.00,100,Lean muscle builder 1kg.,1 kg,"https://m.media-amazon.com/images/I/71Zp+E7wSXL._AC_SL1500_.jpg"
ON Whey Gold 5kg,Optimum Nutrition,Supplements,Protein,140.00,100,Bulk premium gold 5kg.,5 kg,"https://www.nutritiondepot.com.gh/wp-content/uploads/2021/04/on-gold-standard-whey-2lb.jpg"
Dymatize ISO100 5kg,Dymatize,Supplements,Protein,155.00,100,Massive isolate tub 5kg.,5 kg,"https://m.media-amazon.com/images/I/716uW4U6bAL._AC_SL1500_.jpg"
MyProtein Impact Whey 5kg,MyProtein,Supplements,Protein,110.00,100,High-grade economy 5kg.,5 kg,"https://m.media-amazon.com/images/I/71Zp+E7wSXL._AC_SL1500_.jpg"
Kevin Levrone Gold Iso 7kg,Kevin Levrone,Supplements,Protein,195.00,100,Heavy-duty isolate 7kg.,7 kg,"https://m.media-amazon.com/images/I/716uW4U6bAL._AC_SL1500_.jpg"
Mutant Mass 7kg,Mutant,Supplements,Protein,115.00,100,Extreme mass gainer 7kg.,7 kg,"https://m.media-amazon.com/images/I/71Zp+E7wSXL._AC_SL1500_.jpg"
MuscleTech Mass Tech 7kg,MuscleTech,Supplements,Protein,125.00,100,Advanced mass builder 7kg.,7 kg,"https://m.media-amazon.com/images/I/71Zp+E7wSXL._AC_SL1500_.jpg"
ON Creatine 150g,Optimum Nutrition,Supplements,Creatine,18.00,100,Micronized creatine 150g.,150 g,"https://m.media-amazon.com/images/I/61ArE3bXidL._AC_SL1500_.jpg"
MuscleTech Platinum Creatine 150g,MuscleTech,Supplements,Creatine,16.00,100,HPLC tested creatine 150g.,150 g,"https://m.media-amazon.com/images/I/61ArE3bXidL._AC_SL1500_.jpg"
Dymatize Creatine 150g,Dymatize,Supplements,Creatine,19.00,100,Power catalyst 150g.,150 g,"https://m.media-amazon.com/images/I/61ArE3bXidL._AC_SL1500_.jpg"
ON Creatine 250g,Optimum Nutrition,Supplements,Creatine,24.00,100,Micronized creatine 250g.,250 g,"https://m.media-amazon.com/images/I/61ArE3bXidL._AC_SL1500_.jpg"
Cellucor COR Creatine 250g,Cellucor,Supplements,Creatine,22.00,100,Performance powder 250g.,250 g,"https://m.media-amazon.com/images/I/61ArE3bXidL._AC_SL1500_.jpg"
MusclePharm Creatine 250g,MusclePharm,Supplements,Creatine,21.00,100,Core series matrix 250g.,250 g,"https://m.media-amazon.com/images/I/61ArE3bXidL._AC_SL1500_.jpg"
MuscleTech Platinum Creatine 300g,MuscleTech,Supplements,Creatine,28.00,100,Cellular charger 300g.,300 g,"https://m.media-amazon.com/images/I/61ArE3bXidL._AC_SL1500_.jpg"
MyProtein Creatine 300g,MyProtein,Supplements,Creatine,26.00,100,Strength blocks 300g.,300 g,"https://m.media-amazon.com/images/I/61ArE3bXidL._AC_SL1500_.jpg"
Universal Creatine 300g,Universal,Supplements,Creatine,25.00,100,Intensity catalyst 300g.,300 g,"https://m.media-amazon.com/images/I/61ArE3bXidL._AC_SL1500_.jpg"
Nutricost Creatine 1kg,Nutricost,Supplements,Creatine,45.00,100,Massive value pack 1kg.,1 kg,"https://m.media-amazon.com/images/I/61ArE3bXidL._AC_SL1500_.jpg"
Bulk Powders Creatine 1kg,Bulk,Supplements,Creatine,43.00,100,Ultra soluble 1kg.,1 kg,"https://m.media-amazon.com/images/I/61ArE3bXidL._AC_SL1500_.jpg"
Now Sports Creatine 1kg,Now Sports,Supplements,Creatine,49.00,100,Pharma grade builder 1kg.,1 kg,"https://m.media-amazon.com/images/I/61ArE3bXidL._AC_SL1500_.jpg"
Cellucor C4 Pre-Workout,Cellucor,Supplements,Pre-Workout,30.00,100,Explosive focus pump.,30 Servings,"https://m.media-amazon.com/images/I/71f76oX0BCL._AC_SL1500_.jpg"
BSN NO-Xplode,BSN,Supplements,Pre-Workout,35.00,100,Legendary pre-workout.,30 Servings,"https://m.media-amazon.com/images/I/71f76oX0BCL._AC_SL1500_.jpg"
Optimum Nutrition Opti-Men,Optimum Nutrition,Supplements,Vitamins,25.00,100,Daily nutrient matrix.,90 Tabs,"https://m.media-amazon.com/images/I/61ArE3bXidL._AC_SL1500_.jpg"
Animal Pak Vitamins,Universal,Supplements,Vitamins,35.00,100,Ultimate training pack.,44 Packs,"https://m.media-amazon.com/images/I/61ArE3bXidL._AC_SL1500_.jpg"
Nike Fitness Gloves,Nike,Equipment,Gloves,25.00,100,Weightlifting leather gloves.,M L XL,"https://static.nike.com/a/images/t_PDP_1280_v1/f_auto,q_auto:eco/fa7fdf6e-7fc1-4608-8df0-0618ff7e41b9/premium-fitness-gloves.png"
Harbinger Lifting Belt,Harbinger,Equipment,Belt,20.00,100,Core support belt.,M L XL,"https://static.nike.com/a/images/t_PDP_1280_v1/f_auto,q_auto:eco/fa7fdf6e-7fc1-4608-8df0-0618ff7e41b9/premium-fitness-gloves.png"
Gymreapers Lifting Straps,Gymreapers,Equipment,Straps,15.00,100,Max strength deadlift.,One Size,"https://static.nike.com/a/images/t_PDP_1280_v1/f_auto,q_auto:eco/fa7fdf6e-7fc1-4608-8df0-0618ff7e41b9/premium-fitness-gloves.png"
Rogue Wrist Wraps,Rogue,Equipment,Wraps,18.00,100,Heavy duty wrist support.,18 Inch,"https://static.nike.com/a/images/t_PDP_1280_v1/f_auto,q_auto:eco/fa7fdf6e-7fc1-4608-8df0-0618ff7e41b9/premium-fitness-gloves.png"